x,y,label,cluster_size
3.162864117,97.43535111,-1,0
3.369588337,97.69553622,-1,0
4.628775305,97.628639,-1,0
4.529982972,96.85903311,0,11
4.456642932,96.18545308,0,11
5.379938289,95.51560781,-1,0
5.068234183,96.00719606,0,11
5.014810789,97.18200372,0,11
2.613300537,96.08567682,-1,0
2.349932866,97.84708863,1,29
5.093660524,96.60626641,0,11
3.824899233,96.87832041,0,11
3.981926765,97.35753015,0,11
4.83218352,95.67870646,0,11
4.155410076,96.50678151,0,11
4.227726449,97.97688137,-1,0
4.76731416,97.00711807,0,11
5.124714376,96.21353373,0,11
5.558258484,95.32792891,-1,0
2.735614689,97.93724072,1,29
1.833899171,98.65973923,1,29
1.989765338,99.06973806,1,29
1.492751622,99.25806494,1,29
3.710740869,98.22034602,1,29
3.120679965,98.29603228,1,29
3.480873175,98.694354,1,29
2.977024475,99.03323495,1,29
2.802539179,99.5628562,1,29
2.279377815,100.056501,1,29
2.843625958,98.26728832,1,29
2.379733978,99.26420807,1,29
0.774369019,99.36943235,-1,0
2.554177524,98.24060471,1,29
2.270726236,98.57243146,1,29
2.558722206,98.72129092,1,29
3.367167834,99.05853853,1,29
3.234237912,99.4756244,1,29
1.593256234,99.75745193,1,29
1.140403603,99.84412085,1,29
1.838874091,100.1305365,1,29
2.33349,99.63776,1,29
1.312782135,97.35547737,2,3
1.025366583,97.48965258,2,3
3.627728154,98.66799792,1,29
2.962598153,99.05897438,1,29
1.738364406,98.78590558,1,29
2.964415827,99.79498816,1,29
3.599492105,98.48871137,1,29
3.328360248,99.15570865,1,29
1.396312068,99.28079477,1,29
1.265096177,97.58308864,2,3
-1.738282543,100.8807023,4,3
-0.962425114,100.8187208,3,14
-0.684085776,101.0895109,3,14
-0.460538248,100.5860473,3,14
-0.562342106,100.2277025,3,14
-0.249429836,100.1685136,3,14
0.029782302,100.5659229,3,14
0.387292104,100.0827601,-1,0
-1.5157192,99.00117561,-1,0
-1.130987214,101.5541936,4,3
-1.406356451,101.2525787,4,3
0.20695257,99.67811642,-1,0
-0.89571735,100.4353542,3,14
-0.782350945,100.6303651,3,14
-0.653771557,100.7570309,3,14
-0.471194156,100.4037158,3,14
-0.300098774,100.3720422,3,14
-0.22607156,100.6309808,3,14
-0.607652233,100.1372125,3,14
0.327175164,101.0708798,5,3
-0.533190804,102.3275739,-1,0
1.406096476,101.6633453,-1,0
-0.233307529,103.1573146,-1,0
0.219424058,102.2676239,-1,0
0.940085551,100.4748061,-1,0
1.773661928,100.7450462,-1,0
0.826470762,101.824895,5,3
-0.478821729,101.5034783,3,14
0.935445345,102.7022717,-1,0
0.549889537,101.4644363,5,3
1.797664954,101.3116538,-1,0
-2.03690692,101.4694243,-1,0
-2.196200906,102.0644191,-1,0
-2.309112822,102.6645664,7,31
-1.749733412,103.0960631,6,4
-1.609181941,103.7451795,6,4
-1.071070049,103.1133108,-1,0
-1.219820641,103.9673524,6,4
-1.598885998,101.9310014,-1,0
-1.310200347,102.3612754,-1,0
-1.617002229,103.600224,6,4
-2.113351246,101.3411129,-1,0
-4.100669956,104.0938297,7,31
-3.343173096,105.390681,-1,0
-3.635834516,104.0015653,7,31
-3.830558169,103.3853248,7,31
-3.166731277,103.1452211,7,31
-2.444084096,103.829672,-1,0
-2.48786973,104.6680933,-1,0
-4.068872768,104.5679224,7,31
-4.590247076,103.9152407,7,31
-3.409978047,104.6009031,7,31
-3.75194364,102.9535969,7,31
-3.209884577,103.9882793,7,31
-2.744398575,102.7358397,7,31
-4.109111601,103.2626737,7,31
-3.263523992,102.8793582,7,31
-3.452835067,104.229388,7,31
-4.348663159,103.0237296,7,31
-3.426920902,102.0157826,7,31
-4.60719705,103.4075045,7,31
-4.052312648,102.6578194,7,31
-2.701394375,101.4855959,-1,0
-3.089926967,102.2494771,7,31
-3.628231899,102.6416889,7,31
-3.827698004,102.3126908,7,31
-5.532772414,105.5005012,7,31
-4.809238441,104.8058936,7,31
-5.031743048,104.1902896,7,31
-4.372762209,105.5319382,-1,0
-5.435863403,104.6752099,7,31
-5.136651316,105.6490368,7,31
-4.516452291,104.6144902,7,31
-5.473490376,105.1102186,7,31
-5.330845232,104.9200154,7,31
-4.023735409,105.377875,-1,0
-5.38274194,104.2053716,7,31
-5.415381611,105.2669385,7,31
-2.869945711,107.7110316,-1,0
-2.770932907,106.3422716,8,3
-2.430082847,106.2433157,8,3
-1.890861132,105.4894531,-1,0
-2.907114018,108.0523758,-1,0
-2.110662765,106.113472,8,3
1.03052363,104.6131134,9,3
0.803263341,103.4257943,-1,0
3.921135366,108.2214502,-1,0
-0.224555145,104.5270902,-1,0
3.153552145,106.2317632,-1,0
0.962903307,104.0636829,9,3
0.920284956,104.4853133,9,3
-6.129207509,106.8690799,10,121
-6.165608865,106.7484026,10,121
-6.272679215,106.8100109,10,121
-6.255373357,106.9002687,10,121
-6.559979466,106.7675308,10,121
-7.076187589,106.7073077,10,121
-7.133715922,107.1577636,10,121
-7.099968711,107.6108412,10,121
-7.359556716,107.7888639,10,121
-7.496705827,108.1412965,10,121
-7.29053691,108.4286486,10,121
-7.004233297,108.5603006,10,121
-6.745639062,108.5515647,10,121
-6.815865345,108.2578116,10,121
-6.825065807,107.98085,10,121
-6.448788311,108.1685913,10,121
-6.483036497,107.732246,10,121
-6.595016242,107.4322095,10,121
-6.25202345,107.3542286,10,121
-6.215388666,107.1206598,10,121
-6.897055923,107.4149528,10,121
-7.635622135,108.5188497,10,121
-6.593453111,106.7995641,10,121
-6.939871775,106.9243321,10,121
-6.919135141,107.6366018,10,121
-6.741990681,108.5533291,10,121
-6.280230911,106.9756822,10,121
-6.396102153,106.816808,10,121
-6.886495191,107.5435823,10,121
-7.360251033,108.2193547,10,121
-7.376302002,108.5665017,10,121
-7.490962882,108.8904128,10,121
-7.455145165,109.1755799,10,121
-7.32291634,109.4073182,10,121
-7.351881864,109.6574193,10,121
-7.6551688,109.6173601,10,121
-7.699577246,109.9660374,10,121
-7.415535227,109.907223,10,121
-7.501579691,110.2467332,10,121
-7.418562111,110.6506564,10,121
-7.686395183,110.6198976,10,121
-7.68085738,110.8346285,10,121
-7.920201667,111.0004036,10,121
-7.614457727,111.0192655,10,121
-7.387131156,110.9774352,10,121
-7.116879641,110.9271007,10,121
-7.075962269,111.3876365,10,121
-6.775462784,111.461275,10,121
-6.743927284,111.0415158,10,121
-6.789068063,110.8697218,10,121
-6.548526316,110.767858,10,121
-6.910835788,110.63185,10,121
-7.272031349,110.4752654,10,121
-7.257858861,110.1356322,10,121
-7.037666058,110.1561194,10,121
-7.021267065,109.8614935,10,121
-7.056829236,109.6204168,10,121
-7.036441153,109.3950228,10,121
-7.031102081,109.1584051,10,121
-7.058903055,108.9279209,10,121
-7.558081725,110.8233894,10,121
-7.020507208,110.3896482,10,121
-6.893131827,109.6778206,10,121
-6.868935042,109.115658,10,121
-7.818871153,110.1674073,10,121
-7.901669343,110.3546924,10,121
-7.994236636,110.612061,10,121
-7.715434803,110.3834909,10,121
-8.126217558,111.1790327,10,121
-7.931320198,111.4993659,10,121
-8.161920882,111.6262706,10,121
-8.113254927,111.887202,10,121
-8.130108964,112.2381295,10,121
-7.828871403,112.089636,10,121
-8.126857019,112.6410753,10,121
-8.125300934,113.1375746,10,121
-8.235978533,113.6556952,10,121
-8.36492651,114.205524,10,121
-7.944023451,113.9475505,10,121
-7.801312479,114.0513804,10,121
-7.866519797,113.3208669,10,121
-7.742918172,112.8317397,10,121
-7.452054655,112.7013573,10,121
-7.549867578,112.4852491,10,121
-7.545102366,112.2651295,10,121
-7.597422633,111.9384386,10,121
-7.624222278,111.6457162,10,121
-7.662881343,111.3579023,10,121
-7.439238531,111.3430901,10,121
-7.25543276,111.8098374,10,121
-6.953135777,111.8915124,10,121
-7.131112427,112.300781,10,121
-6.92687014,112.5581483,10,121
-7.044238202,112.9296185,10,121
-7.05198378,113.2562666,10,121
-7.065107563,113.5039147,10,121
-6.988517995,113.8055601,10,121
-7.826305073,112.0138378,10,121
-8.095024344,112.166997,10,121
-7.978964242,112.6363796,10,121
-7.64968892,112.9100683,10,121
-7.471312651,112.4374366,10,121
-7.627983149,111.5281764,10,121
-7.275073278,112.7238066,10,121
-7.833108582,112.5311201,10,121
-6.590230673,105.7429821,10,121
-6.642128896,106.2128536,10,121
-6.174631025,106.5185128,10,121
-6.142218832,106.1466548,10,121
-6.182869413,106.6518228,10,121
-5.998046596,106.019276,10,121
-6.123385997,106.1662987,10,121
-6.301847802,106.7073407,10,121
-8.312522826,114.6826651,10,121
-8.42822166,115.0787775,10,121
-8.583467599,115.1884053,10,121
-8.480494318,115.2875567,10,121
-8.73703083,115.5355211,10,121
-8.293590525,115.3468431,10,121
-8.374201062,115.5300705,10,121
-8.200235853,114.962578,10,121
-8.664408901,116.0942347,11,6
-8.722795723,116.2891437,11,6
-8.533116801,116.5306662,11,6
-8.703221236,117.4849382,-1,0
-8.472142044,118.2168062,12,3
-8.474763734,118.6186198,12,3
-8.829708665,116.9150579,11,6
-8.349040688,116.2834972,11,6
-8.590268777,116.1110931,11,6
-8.455799296,118.7849066,12,3
-9.918213565,123.8599569,13,6
-9.827955929,124.3967496,13,6
-9.377530169,124.5696676,13,6
-9.153849769,124.9684446,13,6
-8.303671588,124.5687627,-1,0
-8.352079729,122.8403161,-1,0
-8.695289145,122.3811576,-1,0
-8.677239516,121.7341317,14,3
-8.667527041,121.0011819,14,3
-8.569361128,120.4015221,-1,0
-9.877298175,120.2549677,-1,0
-9.642180737,119.379714,-1,0
-8.380280744,123.5423442,-1,0
-10.72603537,123.1243574,-1,0
-8.602543537,119.988921,-1,0
-8.688708694,121.2730116,14,3
-9.534243363,119.1800364,-1,0
-9.521769044,124.88932,13,6
-10.20429749,123.6071841,13,6
1.429969997,109.3463846,15,3
0.358335559,109.1560251,16,3
0.268685813,110.4320763,-1,0
-1.633223953,110.6138741,-1,0
0.092636018,112.071524,-1,0
0.835238231,112.8108763,-1,0
1.012033671,109.5644392,15,3
0.516558384,109.7711804,15,3
-0.003879339,110.9513186,-1,0
-0.632635435,111.7275771,-1,0
-1.078590991,110.1137399,-1,0
-0.386740778,109.5374742,16,3
-0.025224698,109.3314103,16,3
0.898524309,109.0348923,-1,0
-2.545690161,111.7468617,-1,0
-2.064990149,112.7130299,-1,0
-1.747850123,114.2980251,-1,0
-1.801865107,114.9240368,-1,0
-0.933064983,115.1347325,-1,0
-1.699876199,113.0598321,-1,0
-2.283010007,112.1762705,-1,0
-2.623038982,111.160905,-1,0
-1.801121247,111.4066788,-1,0
-1.025666744,113.5331618,-1,0
-2.716050764,113.9552127,-1,0
-0.030913824,114.2791012,-1,0
-2.018457282,113.769071,-1,0
-3.818820581,114.9033904,17,9
-3.318252431,115.0883461,17,9
-3.090319819,114.6260715,17,9
-2.924670059,115.0478435,17,9
-2.603491542,115.5021349,17,9
-2.442070173,115.1570758,17,9
-1.886013724,115.5164778,17,9
-3.447356582,115.6545663,-1,0
-2.319139408,115.6421692,17,9
-3.476443995,114.8183911,17,9
-1.733262411,116.0935258,-1,0
0.086740883,116.5126713,-1,0
1.928384072,117.3037789,-1,0
-0.505955244,115.833785,-1,0
0.95772735,117.1384162,-1,0
-1.156951336,116.5967516,-1,0
0.719369958,114.871597,-1,0
-1.159369734,116.8656044,-1,0
-0.500724747,117.178707,-1,0
0.090731902,117.4571523,-1,0
2.81467156,117.0374885,-1,0
2.478197409,115.7168478,-1,0
3.99460807,116.6630141,-1,0
3.359405668,117.5995113,-1,0
0.707929861,124.0402736,-1,0
1.254684129,124.8541691,18,5
3.550699236,125.5413045,-1,0
4.225649391,126.7816336,-1,0
1.084592217,124.5210499,18,5
1.549139496,125.0080532,18,5
0.767951978,123.4811325,19,6
2.726859358,125.3911969,-1,0
0.444233295,123.9328965,-1,0
1.52470759,124.8485575,18,5
1.484776626,125.1614301,18,5
-1.020828293,122.5836429,-1,0
-1.680824946,120.5210919,-1,0
-0.395871307,119.8357214,-1,0
0.926010771,120.7189228,-1,0
0.977976,121.3727786,-1,0
-2.6938583,121.9135837,-1,0
-1.262950103,123.1499003,-1,0
0.401499615,120.2042127,-1,0
-1.11237023,121.5762349,-1,0
-1.408488331,119.9704413,-1,0
-1.65253917,123.5209375,-1,0
-1.941252496,121.1938385,-1,0
-0.829802292,119.909974,-1,0
-6.106145138,120.5097387,-1,0
-5.432469149,120.2360065,20,23
-5.56751727,119.698447,20,23
-5.419755921,119.4705572,20,23
-5.309278914,119.718727,20,23
-5.20974633,120.1358669,20,23
-4.694814847,120.129586,20,23
-5.000696208,119.7247492,20,23
-4.826066776,119.5798267,20,23
-4.441677965,119.6941453,20,23
-4.339045563,119.8921109,20,23
-4.006537658,120.1710001,20,23
-3.807290296,119.9714267,20,23
-3.622456845,119.5999165,20,23
-3.503723924,119.87203,20,23
-3.198548656,120.1825466,20,23
-3.108512497,119.7123754,20,23
-2.394945808,120.160726,-1,0
-2.550678202,121.1385186,-1,0
-2.888179565,119.8689338,20,23
-5.133417533,119.4611466,20,23
-4.029351445,119.661602,20,23
-2.980473971,120.1478824,20,23
-3.921663585,121.5045822,-1,0
-3.525394131,121.8861579,-1,0
-4.262652101,122.4208357,-1,0
-4.797843718,121.8512759,-1,0
-5.531037468,123.7725471,-1,0
-3.385156069,121.9969309,-1,0
-4.695606542,123.0174379,-1,0
-4.817476132,122.4931442,-1,0
-4.000395486,122.5326212,-1,0
0.693794713,122.7107579,19,6
0.655599194,122.3258786,19,6
0.533130022,123.291143,19,6
0.688118052,121.7110374,-1,0
0.886078032,122.6600039,19,6
0.539453806,123.0557941,19,6
-2.530675138,119.3249674,20,23
-2.94880473,119.3118922,20,23
-3.311945672,119.1444812,20,23
-2.007768,119.518437,-1,0
-3.159359609,129.2914508,-1,0
-5.592490506,133.0531152,-1,0
-7.584403153,131.3676494,-1,0
-3.302938246,126.7212858,-1,0
-3.415883579,130.4383099,-1,0
-3.133467046,128.3534783,-1,0
-6.195864751,134.4504113,-1,0
-7.753782233,126.4254631,-1,0
-3.569604776,126.5528232,-1,0
-3.677179782,128.1797046,-1,0
-5.56002475,132.3342306,-1,0
1.364178648,127.589668,-1,0
0.469329855,128.2249936,-1,0
1.542314931,127.8310623,-1,0
-0.615953974,127.5292988,-1,0
1.031173186,128.3085556,-1,0
2.316573112,128.448361,-1,0
-1.818859983,124.7406422,-1,0
0.812539271,127.3437802,-1,0
0.485191913,127.67367,-1,0
-2.978902921,139.9758236,-1,0
-1.745698207,136.1741345,-1,0
-2.47187827,139.0031673,-1,0
-3.332129702,140.68326,-1,0
-2.746968115,136.7281855,-1,0
-2.489622175,137.969067,-1,0
-2.659352509,140.8088975,-1,0
-0.909947127,133.8525083,21,3
-2.003098184,133.3085112,-1,0
-2.822811163,134.3744873,-1,0
-1.594177365,133.9720889,21,3
-1.195343672,133.7337841,21,3
-7.840149446,139.7043403,-1,0
-3.460215556,137.8437573,-1,0
-4.500496207,136.6938857,-1,0
-4.016855394,135.6675994,-1,0
-3.536386868,136.7448081,-1,0
-4.517497224,140.5326952,-1,0
-4.489206431,139.6032507,-1,0
-1.116590747,131.5644872,-1,0
-0.870476755,131.3378379,-1,0
