_id,No,Kode Wilayah Kabupaten / Kota,Nama Kabupaten/Kota,Latitude,Longitude,BANJIR,CUACA EKSTREM,ERUPSI GUNUNG API,GELOMBANG PASANG DAN ABRASI,GEMPABUMI,KEBAKARAN HUTAN DAN LAHAN,KEKERINGAN,TANAH LONGSOR,TSUNAMI
1,1,1101,ACEH SELATAN,3.1628641169999998083994796616025269031524658203125,97.43535110999999915293301455676555633544921875,5,0,0,0,0,4,0,0,0.0
2,2,1102,ACEH TENGGARA,3.369588337000000155541101776179857552051544189453125,97.6955362199999939321060082875192165374755859375,6,1,0,0,0,3,0,0,0.0
3,3,1103,ACEH TIMUR,4.6287753049999995624830262386240065097808837890625,97.6286390000000068312147050164639949798583984375,2,1,0,0,0,0,0,0,0.0
4,4,1104,ACEH TENGAH,4.52998297199999999662622940377332270145416259765625,96.8590331099999986008697305805981159210205078125,2,1,0,0,0,0,0,1,0.0
5,5,1105,ACEH BARAT,4.45664293200000027894702725461684167385101318359375,96.1854530800000020462903194129467010498046875,3,1,0,0,0,3,0,0,0.0
6,6,1106,ACEH BESAR,5.3799382890000000401187207899056375026702880859375,95.5156078100000058839214034378528594970703125,0,1,0,0,0,10,1,0,0.0
7,7,1107,PIDIE,5.06823418300000039238284443854354321956634521484375,96.0071960599999982832741807214915752410888671875,3,0,0,0,0,0,0,0,0.0
8,8,1108,ACEH UTARA,5.0148107890000002129227141267620027065277099609375,97.1820037199999973154262988828122615814208984375,1,2,0,0,0,0,0,0,0.0
9,9,1109,SIMEULUE,2.613300537000000201004468181054107844829559326171875,96.0856768200000033175456337630748748779296875,1,0,0,0,0,0,0,0,0.0
10,10,1110,ACEH SINGKIL,2.349932866000000064587993620079942047595977783203125,97.847088630000001785447238944470882415771484375,5,0,0,0,0,0,0,0,0.0
11,11,1111,BIREUEN,5.09366052399999968969268593355081975460052490234375,96.6062664100000034750337363220751285552978515625,3,2,0,0,0,0,0,0,0.0
12,12,1112,ACEH BARAT DAYA,3.824899233000000009496943675912916660308837890625,96.8783204100000006064874469302594661712646484375,0,1,0,0,0,0,0,1,0.0
13,13,1113,GAYO LUES,3.98192676499999986816646924125961959362030029296875,97.35753015000000232248567044734954833984375,2,0,0,0,0,1,0,0,0.0
14,14,1114,ACEH JAYA,4.83218352000000006540858521475456655025482177734375,95.67870646000000078856828622519969940185546875,5,2,0,0,0,4,0,0,0.0
15,15,1115,NAGAN RAYA,4.15541007599999989707839631591923534870147705078125,96.5067815099999961603316478431224822998046875,2,0,0,0,0,2,0,0,0.0
16,16,1116,ACEH TAMIANG,4.2277264490000003860359356622211635112762451171875,97.976881370000000970321707427501678466796875,1,0,0,0,0,0,0,0,0.0
17,17,1117,BENER MERIAH,4.7673141599999997453096511890180408954620361328125,97.0071180700000041952080209739506244659423828125,0,0,0,0,0,8,0,0,0.0
18,18,1118,PIDIE JAYA,5.1247143760000000156651367433369159698486328125,96.2135337299999946480966173112392425537109375,1,1,0,0,0,0,0,0,0.0
19,19,1171,KOTA BANDA ACEH,5.55825848400000044335911297821439802646636962890625,95.327928909999997131308191455900669097900390625,0,1,0,0,0,0,0,0,0.0
20,20,1175,KOTA SUBULUSSALAM,2.7356146890000001548060026834718883037567138671875,97.937240720000005467227310873568058013916015625,5,0,0,0,0,0,0,0,0.0
21,21,1201,TAPANULI TENGAH,1.833899171000000105635763247846625745296478271484375,98.6597392299999995657344697974622249603271484375,2,0,0,0,0,2,0,0,0.0
22,22,1202,TAPANULI UTARA,1.9897653379999999945226818454102613031864166259765625,99.0697380600000059303056332282721996307373046875,3,2,0,0,0,0,0,2,0.0
23,23,1203,TAPANULI SELATAN,1.4927516219999998892120629534474574029445648193359375,99.25806493999999702282366342842578887939453125,8,1,0,0,0,4,0,0,0.0
24,24,1205,LANGKAT,3.710740868999999886312934904708527028560638427734375,98.220346019999993814053595997393131256103515625,8,0,0,0,0,16,0,0,0.0
25,25,1206,KARO,3.12067996499999988913032211712561547756195068359375,98.2960322800000056986391427926719188690185546875,4,0,0,0,0,25,0,4,0.0
26,26,1207,DELI SERDANG,3.48087317500000015257910490618087351322174072265625,98.694354000000004134562914259731769561767578125,14,15,0,0,0,3,0,2,0.0
27,27,1208,SIMALUNGUN,2.977024474999999892332880335743539035320281982421875,99.0332349499999935460436972789466381072998046875,6,5,0,0,0,4,0,0,0.0
28,28,1209,ASAHAN,2.80253917900000004692628863267600536346435546875,99.56285619999999880747054703533649444580078125,8,0,0,0,0,6,0,0,0.0
29,29,1210,LABUHANBATU,2.279377815000000140344127430580556392669677734375,100.056500999999997247869032435119152069091796875,1,1,0,0,0,20,0,0,0.0
30,30,1211,DAIRI,2.843625958000000064629375629010610282421112060546875,98.267288320000005796828190796077251434326171875,5,1,0,0,0,5,0,2,0.0
31,31,1212,TOBA,2.37973397799999997204167812014929950237274169921875,99.264208069999995132093317806720733642578125,0,1,0,0,0,8,0,0,0.0
32,32,1213,MANDAILING NATAL,0.77436901899999999177026666075107641518115997314453125,99.3694323499999967452822602353990077972412109375,7,1,0,0,0,2,0,0,0.0
33,33,1215,PAKPAK BHARAT,2.554177523999999976922481437213718891143798828125,98.2406047099999994998142938129603862762451171875,0,0,0,0,0,1,0,1,0.0
34,34,1216,HUMBANG HASUNDUTAN,2.2707262359999997869408616679720580577850341796875,98.5724314600000042219107854180037975311279296875,1,1,0,0,0,0,0,0,0.0
35,35,1217,SAMOSIR,2.558722206000000110037717604427598416805267333984375,98.721290920000001278822310268878936767578125,2,1,0,0,0,11,0,1,0.0
36,36,1218,SERDANG BEDAGAI,3.3671678339999999707288225181400775909423828125,99.0585385300000069719317252747714519500732421875,5,3,0,0,0,1,0,0,0.0
37,37,1219,BATU BARA,3.23423791200000021461846699821762740612030029296875,99.4756244000000009464201866649091243743896484375,1,2,0,0,0,0,0,0,0.0
38,38,1220,PADANG LAWAS UTARA,1.5932562340000000489226295030675828456878662109375,99.7574519300000019939034245908260345458984375,2,0,0,0,0,17,0,0,0.0
39,39,1221,PADANG LAWAS,1.1404036029999999879436245464603416621685028076171875,99.844120849999995925827533937990665435791015625,7,1,0,0,0,10,0,1,0.0
40,40,1222,LABUHANBATU SELATAN,1.83887409100000009942732503986917436122894287109375,100.13053650000000516229192726314067840576171875,3,0,0,0,0,10,0,0,0.0
41,41,1223,LABUHANBATU UTARA,2.333489999999999842117404114105738699436187744140625,99.6377600000000001045918907038867473602294921875,3,2,0,0,0,19,0,0,0.0
42,42,1224,NIAS UTARA,1.31278213499999996116684997105039656162261962890625,97.3554773700000026792622520588338375091552734375,2,0,0,0,0,0,0,0,0.0
43,43,1225,NIAS BARAT,1.0253665830000000536159632247290574014186859130859375,97.4896525799999977834886522032320499420166015625,2,0,0,0,0,0,0,0,0.0
44,44,1271,KOTA MEDAN,3.627728154000000149181914821383543312549591064453125,98.66799792000000479674781672656536102294921875,10,3,0,0,0,0,0,0,0.0
45,45,1272,KOTA PEMATANGSIANTAR,2.9625981530000000674363036523573100566864013671875,99.0589743799999951079371385276317596435546875,1,2,0,0,0,1,0,0,0.0
46,46,1273,KOTA SIBOLGA,1.738364406000000084162593338987790048122406005859375,98.7859055800000049885056796483695507049560546875,1,0,0,0,0,0,0,0,0.0
47,47,1274,KOTA TANJUNG BALAI,2.964415826999999836743882042355835437774658203125,99.794988160000002608285285532474517822265625,4,0,0,0,0,0,0,0,0.0
48,48,1275,KOTA BINJAI,3.599492104999999941838950689998455345630645751953125,98.488711370000004308167262934148311614990234375,4,1,0,0,0,1,0,0,0.0
49,49,1276,KOTA TEBING TINGGI,3.32836024800000007672906576772220432758331298828125,99.1557086499999940087946015410125255584716796875,2,0,0,0,0,0,0,0,0.0
50,50,1277,KOTA PADANG SIDEMPUAN,1.3963120680000000728426812202087603509426116943359375,99.28079476999999997133272700011730194091796875,2,0,0,0,0,4,0,2,0.0
51,51,1278,KOTA GUNUNGSITOLI,1.2650961769999999884106500758207403123378753662109375,97.583088639999999713836587034165859222412109375,2,0,0,0,0,0,2,0,0.0
52,52,1301,PESISIR SELATAN,-1.738282542999999957800127958762459456920623779296875,100.88070229999999583014869131147861480712890625,15,0,0,0,0,0,0,0,0.0
53,53,1302,SOLOK,-0.9624251139999999704599531469284556806087493896484375,100.81872079999999414212652482092380523681640625,2,1,0,0,0,0,0,2,0.0
54,54,1303,SIJUNJUNG,-0.68408577599999997875812596248579211533069610595703125,101.08951089999999339852365665137767791748046875,5,0,0,0,0,3,0,0,0.0
55,55,1304,TANAH DATAR,-0.4605382479999999834063828529906459152698516845703125,100.5860473000000041565726860426366329193115234375,3,0,2,0,0,1,0,0,0.0
56,56,1305,PADANG PARIAMAN,-0.56234210600000000823683876660652458667755126953125,100.2277025000000065801941673271358013153076171875,3,1,0,1,0,0,0,3,0.0
57,57,1306,AGAM,-0.2494298359999999881164711723613436333835124969482421875,100.1685135999999971545548760332167148590087890625,4,2,1,0,0,1,0,2,0.0
58,58,1307,LIMA PULUH KOTA,0.0297823020000000000806483768656107713468372821807861328125,100.565922900000003892273525707423686981201171875,4,0,0,0,0,2,0,2,0.0
59,59,1308,PASAMAN,0.38729210400000002589848691059160046279430389404296875,100.082760100000001557418727315962314605712890625,2,0,0,0,0,0,0,0,0.0
60,60,1309,KEPULAUAN MENTAWAI,-1.515719199999999933226035864208824932575225830078125,99.0011756100000042124520405195653438568115234375,2,0,0,1,0,0,0,0,0.0
61,61,1310,DHARMASRAYA,-1.1309872139999999074433389978366903960704803466796875,101.5541936000000049489244702272117137908935546875,8,1,0,0,0,0,0,0,0.0
62,62,1311,SOLOK SELATAN,-1.4063564509999999518896629524533636868000030517578125,101.2525787000000008220013114623725414276123046875,4,3,0,0,0,0,0,0,0.0
63,63,1312,PASAMAN BARAT,0.20695257000000000235928609981783665716648101806640625,99.6781164199999949460107018239796161651611328125,4,1,0,1,0,0,0,0,0.0
64,64,1371,KOTA PADANG,-0.8957173499999999677356754546053707599639892578125,100.4353542000000061307218857109546661376953125,1,0,0,0,0,0,1,1,0.0
65,65,1372,KOTA SOLOK,-0.78235094500000001982442654480109922587871551513671875,100.63036510000000589570845477283000946044921875,1,0,0,0,0,0,0,0,0.0
66,66,1373,KOTA SAWAHLUNTO,-0.6537715570000000031569697966915555298328399658203125,100.7570309000000037258359952829778194427490234375,1,0,0,0,0,0,0,0,0.0
67,67,1374,KOTA PADANG PANJANG,-0.471194155999999975126257822921616025269031524658203125,100.4037158000000005131369107402861118316650390625,1,0,0,0,0,0,0,0,0.0
68,68,1375,KOTA BUKITTINGGI,-0.300098774000000012573963203976745717227458953857421875,100.3720421999999956597093841992318630218505859375,2,0,0,0,0,0,0,0,0.0
69,69,1376,KOTA PAYAKUMBUH,-0.226071560000000004730935643237899057567119598388671875,100.630980800000003227978595532476902008056640625,1,1,0,0,0,0,0,0,0.0
70,70,1377,KOTA PARIAMAN,-0.607652233000000041585053622839041054248809814453125,100.137212500000003956301952712237834930419921875,1,0,0,0,0,0,0,0,0.0
71,71,1401,KAMPAR,0.3271751640000000183050588020705617964267730712890625,101.07087980000000015934347175061702728271484375,8,2,0,0,0,2,0,0,0.0
72,72,1402,INDRAGIRI HULU,-0.5331908039999999626701310262433253228664398193359375,102.32757390000000441432348452508449554443359375,7,0,0,0,0,1,0,0,0.0
73,73,1403,BENGKALIS,1.4060964760000000950412868405692279338836669921875,101.66334530000000313521013595163822174072265625,1,0,0,0,0,1,0,0,0.0
74,74,1404,INDRAGIRI HILIR,-0.233307529000000013486015859598410315811634063720703125,103.15731460000000652144080959260463714599609375,4,0,0,2,0,1,0,1,0.0
75,75,1405,PELALAWAN,0.2194240580000000051530406608435441739857196807861328125,102.2676239000000038004145608283579349517822265625,1,0,0,0,0,1,0,0,0.0
76,76,1406,ROKAN HULU,0.94008555100000001925053538798238150775432586669921875,100.474806099999995012694853357970714569091796875,6,0,0,0,0,0,0,0,0.0
77,77,1407,ROKAN HILIR,1.77366192800000010976191333611495792865753173828125,100.7450462000000044326952775008976459503173828125,5,0,0,0,0,0,0,0,0.0
78,78,1408,SIAK,0.826470762000000025437884687562473118305206298828125,101.824894999999997935447026975452899932861328125,1,0,0,0,0,0,0,0,0.0
79,79,1409,KUANTAN SINGINGI,-0.47882172899999997373043925108504481613636016845703125,101.5034782999999976027538650669157505035400390625,11,0,0,0,0,0,0,0,0.0
80,80,1410,KEPULAUAN MERANTI,0.9354453449999999836705910638556815683841705322265625,102.7022716999999971676515997387468814849853515625,0,0,0,0,0,1,0,0,0.0
81,81,1471,KOTA PEKANBARU,0.54988953699999998381287014126428402960300445556640625,101.4644363000000026886482373811304569244384765625,8,0,0,0,0,0,0,0,0.0
82,82,1472,KOTA DUMAI,1.7976649540000000371264832210727035999298095703125,101.3116538000000019792423699982464313507080078125,1,0,0,0,0,3,0,0,0.0
83,83,1501,KERINCI,-2.03690691999999984318492352031171321868896484375,101.4694243000000000165528035722672939300537109375,9,1,0,0,0,0,0,0,0.0
84,84,1502,MERANGIN,-2.196200906000000063755805967957712709903717041015625,102.0644190999999949553966871462762355804443359375,3,2,0,0,0,8,0,1,0.0
85,85,1503,SAROLANGUN,-2.309112821999999898281430432689376175403594970703125,102.6645663999999982252120389603078365325927734375,6,0,0,0,0,1,0,0,0.0
86,86,1504,BATANGHARI,-1.7497334120000000989847421806189231574535369873046875,103.0960630999999949608536553569138050079345703125,6,1,0,0,0,19,0,0,0.0
87,87,1505,MUARO JAMBI,-1.6091819409999998935489884388516657054424285888671875,103.74517950000000610089045949280261993408203125,2,1,0,0,0,18,0,0,0.0
88,88,1506,TANJUNG JABUNG BARAT,-1.0710700490000000240087274505640380084514617919921875,103.113310799999993605524650774896144866943359375,2,1,0,0,0,3,0,0,0.0
89,89,1507,TANJUNG JABUNG TIMUR,-1.2198206410000000943227860261686146259307861328125,103.9673523999999957823092699982225894927978515625,2,1,0,0,0,5,0,0,0.0
90,90,1508,BUNGO,-1.5988859980000000859945430420339107513427734375,101.9310013999999995348844095133244991302490234375,5,0,0,0,0,24,0,0,0.0
91,91,1509,TEBO,-1.3102003470000000984185817287652753293514251708984375,102.3612753999999966936229611746966838836669921875,2,0,0,0,0,0,0,0,0.0
92,92,1571,KOTA JAMBI,-1.6170022289999999021148369138245470821857452392578125,103.600223999999997204213286750018596649169921875,1,0,0,0,0,0,0,0,0.0
93,93,1572,KOTA SUNGAI PENUH,-2.113351246000000127622797663207165896892547607421875,101.3411128999999988309355103410780429840087890625,6,0,0,0,0,1,0,1,0.0
94,94,1601,OGAN KOMERING ULU,-4.10066995599999994936979419435374438762664794921875,104.0938297000000005709807737730443477630615234375,8,1,0,0,0,0,0,0,0.0
95,95,1602,OGAN KOMERING ILIR,-3.34317309600000012181908459751866757869720458984375,105.390681000000000722138793207705020904541015625,0,1,0,0,0,5,0,0,0.0
96,96,1603,MUARA ENIM,-3.63583451600000007175594873842783272266387939453125,104.0015652999999957728505250997841358184814453125,10,2,0,0,0,33,0,0,0.0
97,97,1604,LAHAT,-3.830558169000000123816107588936574757099151611328125,103.385324800000006462141755037009716033935546875,2,0,0,0,0,5,0,0,0.0
98,98,1605,MUSI RAWAS,-3.166731276999999789012463224935345351696014404296875,103.1452211000000005469701136462390422821044921875,3,0,0,0,0,4,0,0,0.0
99,99,1606,MUSI BANYUASIN,-2.44408409600000009476161721977405250072479248046875,103.8296720000000021855157683603465557098388671875,10,0,0,0,0,16,0,0,0.0
100,100,1607,BANYUASIN,-2.48786972999999989042407833039760589599609375,104.6680932999999953381120576523244380950927734375,4,3,0,0,0,31,0,0,0.0
101,101,1608,OGAN KOMERING ULU TIMUR,-4.0688727680000003061877578147687017917633056640625,104.5679224000000004934918251819908618927001953125,1,0,0,0,0,1,0,0,0.0
102,102,1609,OGAN KOMERING ULU SELATAN,-4.59024707599999981511018631863407790660858154296875,103.915240699999998241764842532575130462646484375,3,0,0,0,0,0,0,1,0.0
103,103,1610,OGAN ILIR,-3.40997804700000006761229087715037167072296142578125,104.6009030999999964706148602999746799468994140625,13,0,0,0,0,57,0,0,0.0
104,104,1611,EMPAT LAWANG,-3.751943639999999913214878688449971377849578857421875,102.9535968999999937523170956410467624664306640625,1,0,0,0,0,1,0,0,0.0
105,105,1612,PENUKAL ABAB LEMATANG ILIR,-3.209884576999999961088860800373367965221405029296875,103.9882793000000020811057765968143939971923828125,1,0,0,0,0,31,0,0,0.0
106,106,1613,MUSI RAWAS UTARA,-2.7443985749999999512738213525153696537017822265625,102.7358396999999996523911249823868274688720703125,5,0,0,0,0,4,0,0,0.0
107,107,1672,KOTA PAGAR ALAM,-4.1091116010000003910818122676573693752288818359375,103.26267369999999345964170061051845550537109375,2,0,0,0,0,1,0,0,0.0
108,108,1673,KOTA LUBUK LINGGAU,-3.263523992000000095714540293556638062000274658203125,102.8793581999999986464899848215281963348388671875,3,1,0,0,0,0,0,0,0.0
109,109,1674,KOTA PRABUMULIH,-3.452835067000000091042011263198219239711761474609375,104.229388000000000147338141687214374542236328125,3,1,0,0,0,3,0,0,0.0
110,110,1701,BENGKULU SELATAN,-4.34866315900000000027603164198808372020721435546875,103.023729599999995798498275689780712127685546875,1,0,0,0,1,0,0,0,0.0
111,111,1703,BENGKULU UTARA,-3.42692090199999999100555214681662619113922119140625,102.015782599999994317840901203453540802001953125,0,2,0,0,0,0,0,1,0.0
112,112,1704,KAUR,-4.607197049999999904912328929640352725982666015625,103.4075045000000017125785234384238719940185546875,0,0,0,0,0,0,0,1,0.0
113,113,1705,SELUMA,-4.05231264800000001713442543405108153820037841796875,102.6578193999999939478584565222263336181640625,1,0,0,0,0,0,0,0,0.0
114,114,1706,MUKO MUKO,-2.701394375000000014352963262354023754596710205078125,101.4855959000000069636371335946023464202880859375,0,0,0,0,0,1,0,1,0.0
115,115,1707,LEBONG,-3.089926966999999802254706082749180495738983154296875,102.2494770999999929017576505430042743682861328125,1,0,0,0,0,0,0,0,0.0
116,116,1708,KEPAHIANG,-3.62823189900000020458037397474981844425201416015625,102.6416889000000054465999710373580455780029296875,3,0,0,0,0,0,0,0,0.0
117,117,1771,KOTA BENGKULU,-3.8276980040000001537237039883621037006378173828125,102.3126907999999986031980370171368122100830078125,3,1,0,0,0,0,0,1,0.0
118,118,1801,LAMPUNG SELATAN,-5.53277241400000008297865861095488071441650390625,105.500501200000002199885784648358821868896484375,2,5,0,0,0,0,0,0,0.0
119,119,1803,LAMPUNG UTARA,-4.8092384409999997529894244507886469364166259765625,104.8058936000000045396518544293940067291259765625,1,0,0,0,0,0,0,0,0.0
120,120,1804,LAMPUNG BARAT,-5.03174304800000005144511305843479931354522705078125,104.190289599999999836654751561582088470458984375,1,0,0,0,0,0,0,0,0.0
121,121,1805,TULANG BAWANG,-4.37276220900000023306120056076906621456146240234375,105.5319381999999990284777595661580562591552734375,4,6,0,0,0,1,0,0,0.0
122,122,1806,TANGGAMUS,-5.43586340299999992708990248502232134342193603515625,104.675209899999998697239789180457592010498046875,2,1,0,0,0,0,0,0,0.0
123,123,1807,LAMPUNG TIMUR,-5.1366513160000000226546035264618694782257080078125,105.649036800000004632238415069878101348876953125,2,6,0,0,0,2,0,0,0.0
124,124,1808,WAY KANAN,-4.51645229100000022981475922279059886932373046875,104.614490200000005870606401003897190093994140625,1,2,0,0,0,0,0,0,0.0
125,125,1809,PESAWARAN,-5.47349037599999999059718902572058141231536865234375,105.11021859999999605861376039683818817138671875,5,4,0,0,0,0,0,0,0.0
126,126,1810,PRINGSEWU,-5.3308452319999997115473888698033988475799560546875,104.9200153999999969300915836356580257415771484375,1,0,0,0,0,0,0,0,0.0
127,127,1811,MESUJI,-4.023735409000000373680450138635933399200439453125,105.3778750000000030695446184836328029632568359375,3,0,0,0,0,4,0,0,0.0
128,128,1813,PESISIR BARAT,-5.38274193999999983617499310639686882495880126953125,104.205371600000006537811714224517345428466796875,1,0,0,0,0,0,0,0,0.0
129,129,1871,KOTA BANDAR LAMPUNG,-5.41538161099999992842413121252320706844329833984375,105.2669384999999948604454402811825275421142578125,5,0,0,0,0,0,1,0,0.0
130,130,1902,BELITUNG,-2.869945711000000176937874130089767277240753173828125,107.7110315999999983205270837061107158660888671875,0,0,0,0,0,1,0,0,0.0
131,131,1903,BANGKA SELATAN,-2.770932907000000167130338013521395623683929443359375,106.34227160000000367290340363979339599609375,0,1,0,0,0,0,0,0,0.0
132,132,1904,BANGKA TENGAH,-2.430082846999999990345031619654037058353424072265625,106.2433156999999965819370117969810962677001953125,0,1,0,0,0,0,0,0,0.0
133,133,1905,BANGKA BARAT,-1.890861131999999944497403703280724585056304931640625,105.4894531000000057474608183838427066802978515625,1,0,0,0,0,0,0,0,0.0
134,134,1906,BELITUNG TIMUR,-2.907114018000000132957438836456276476383209228515625,108.05237579999999297797330655157566070556640625,0,0,0,0,0,18,0,0,0.0
135,135,1971,KOTA PANGKAL PINANG,-2.11066276499999982974031809135340154170989990234375,106.1134720000000015716068446636199951171875,1,1,0,0,0,0,0,0,0.0
136,136,2101,BINTAN,1.0305236300000000237986341744544915854930877685546875,104.613113400000003139211912639439105987548828125,1,4,0,0,0,32,0,0,0.0
137,137,2102,KARIMUN,0.80326334099999996407603930492768995463848114013671875,103.425794300000006842310540378093719482421875,1,3,0,0,0,12,0,0,0.0
138,138,2103,NATUNA,3.921135366000000121999846669496037065982818603515625,108.2214502000000067027940531261265277862548828125,1,3,0,0,0,9,0,1,0.0
139,139,2104,LINGGA,-0.224555145000000011545893130460171960294246673583984375,104.527090200000003505920176394283771514892578125,0,0,0,0,0,2,0,0,0.0
140,140,2105,KEPULAUAN ANAMBAS,3.15355214499999991772938301437534391880035400390625,106.2317632000000031666786526329815387725830078125,0,0,0,0,0,2,0,0,0.0
141,141,2171,KOTA BATAM,0.96290330700000004160443722867057658731937408447265625,104.06368290000000342843122780323028564453125,0,4,0,0,0,0,0,0,0.0
142,142,2172,KOTA TANJUNG PINANG,0.92028495600000004284169108359492383897304534912109375,104.485313300000001390799297951161861419677734375,1,2,0,0,0,1,0,0,0.0
143,143,3172,KOTA ADM. JAKARTA UTARA,-6.129207509000000442256350652314722537994384765625,106.869079900000002680826582945883274078369140625,3,0,0,0,0,0,0,0,0.0
144,144,3173,KOTA ADM. JAKARTA BARAT,-6.16560886500000027155010684509761631488800048828125,106.7484026000000056910721468739211559295654296875,6,0,0,0,0,0,0,0,0.0
145,145,3174,KOTA ADM. JAKARTA SELATAN,-6.272679215000000141344571602530777454376220703125,106.8100108999999946490788715891540050506591796875,8,3,0,0,0,0,0,0,0.0
146,146,3175,KOTA ADM. JAKARTA TIMUR,-6.255373356999999856498106964863836765289306640625,106.900268699999998034400050528347492218017578125,5,2,0,0,0,0,0,0,0.0
147,147,3201,BOGOR,-6.5599794659999997037402863497845828533172607421875,106.767530800000002955130185000598430633544921875,18,83,0,0,3,0,5,19,0.0
148,148,3202,SUKABUMI,-7.076187588999999888983438722789287567138671875,106.70730770000000120489858090877532958984375,9,14,0,1,2,0,1,10,0.0
149,149,3203,CIANJUR,-7.13371592200000037564677768386900424957275390625,107.1577635999999955629391479305922985076904296875,3,6,0,0,1,0,1,7,0.0
150,150,3204,BANDUNG,-7.09996871099999982135386744630523025989532470703125,107.6108411999999958652551867999136447906494140625,14,10,0,0,2,4,1,2,0.0
151,151,3205,GARUT,-7.3595567160000001649677869863808155059814453125,107.788863899999995510370354168117046356201171875,1,3,0,0,3,1,1,2,0.0
152,152,3206,TASIKMALAYA,-7.49670582700000043274712879792787134647369384765625,108.1412964999999957171894493512809276580810546875,1,4,0,0,1,0,0,3,0.0
153,153,3207,CIAMIS,-7.2905369100000001481021172367036342620849609375,108.428648600000002488741301931440830230712890625,3,12,0,0,1,0,0,4,0.0
154,154,3208,KUNINGAN,-7.00423329699999985820113579393364489078521728515625,108.5603006000000050335074774920940399169921875,2,1,0,0,1,1,1,1,0.0
155,155,3209,CIREBON,-6.7456390620000004076928235008381307125091552734375,108.551564700000000129875843413174152374267578125,13,2,0,0,0,3,2,0,0.0
156,156,3210,MAJALENGKA,-6.81586534499999974201500663184560835361480712890625,108.257811599999996587939676828682422637939453125,1,2,0,0,1,2,1,1,0.0
157,157,3211,SUMEDANG,-6.8250658069999996513388396124355494976043701171875,107.980850000000003774403012357652187347412109375,7,2,0,0,1,0,0,1,0.0
158,158,3212,INDRAMAYU,-6.44878831100000038389907786040566861629486083984375,108.1685913000000027750502340495586395263671875,5,3,0,0,0,0,1,0,0.0
159,159,3213,SUBANG,-6.48303649699999962052743285312317311763763427734375,107.732246000000003505192580632865428924560546875,6,1,0,0,1,4,1,1,0.0
160,160,3214,PURWAKARTA,-6.5950162419999998064668034203350543975830078125,107.432209499999999025021679699420928955078125,1,3,0,0,2,0,1,8,0.0
161,161,3215,KARAWANG,-6.25202345000000025976305551012046635150909423828125,107.35422859999999900537659414112567901611328125,19,14,0,0,0,0,2,0,0.0
162,162,3216,BEKASI,-6.21538866599999995088410287280566990375518798828125,107.1206597999999985404429025948047637939453125,11,2,0,0,0,0,2,1,0.0
163,163,3217,BANDUNG BARAT,-6.897055922999999921785274636931717395782470703125,107.4149527999999946814568829722702503204345703125,3,13,0,0,2,0,1,13,0.0
164,164,3218,PANGANDARAN,-7.6356221350000001990565579035319387912750244140625,108.518849700000004077082849107682704925537109375,1,3,0,0,1,0,1,0,0.0
165,165,3271,KOTA BOGOR,-6.59345311099999964454809742164798080921173095703125,106.799564099999997779377736151218414306640625,5,8,0,0,0,0,1,2,0.0
166,166,3272,KOTA SUKABUMI,-6.939871775000000297950464300811290740966796875,106.9243321000000008780261850915849208831787109375,3,4,0,0,1,0,0,1,0.0
167,167,3273,KOTA BANDUNG,-6.9191351409999999333422238123603165149688720703125,107.6366017999999940002453513443470001220703125,3,0,0,0,1,0,0,1,0.0
168,168,3274,KOTA CIREBON,-6.74199068099999987424553182790987193584442138671875,108.5533290999999991299773682840168476104736328125,3,0,0,0,0,1,1,0,0.0
169,169,3275,KOTA BEKASI,-6.280230911000000304511559079401195049285888671875,106.97568219999999428182491101324558258056640625,4,0,0,0,0,0,0,0,0.0
170,170,3276,KOTA DEPOK,-6.39610215300000017890624803840182721614837646484375,106.8168079999999946494426694698631763458251953125,4,0,0,0,0,0,0,1,0.0
171,171,3277,KOTA CIMAHI,-6.8864951909999998491684891632758080959320068359375,107.543582299999997076156432740390300750732421875,2,1,0,0,2,0,0,0,0.0
172,172,3278,KOTA TASIKMALAYA,-7.36025103299999994277413861709646880626678466796875,108.21935469999999668289092369377613067626953125,1,3,0,0,1,0,0,0,0.0
173,173,3279,KOTA BANJAR,-7.37630200200000007981770977494306862354278564453125,108.5665017000000034386175684630870819091796875,0,0,0,0,1,0,1,0,0.0
174,174,3301,CILACAP,-7.4909628819999998228240656317211687564849853515625,108.8904127999999928988472674973309040069580078125,8,7,0,0,0,3,2,1,0.0
175,175,3302,BANYUMAS,-7.45514516500000024024075173656456172466278076171875,109.175579900000002453452907502651214599609375,2,7,0,0,0,4,2,1,0.0
176,176,3303,PURBALINGGA,-7.32291633999999991289087120094336569309234619140625,109.4073182000000059588273870758712291717529296875,1,1,0,0,0,0,0,0,0.0
177,177,3304,BANJARNEGARA,-7.35188186400000009967925507226027548313140869140625,109.6574193000000008169081411324441432952880859375,0,1,0,0,0,0,0,2,0.0
178,178,3305,KEBUMEN,-7.6551688000000002176648195018060505390167236328125,109.6173600999999990790456649847328662872314453125,2,4,0,0,0,2,2,2,0.0
179,179,3306,PURWOREJO,-7.69957724599999959735896482015959918498992919921875,109.96603740000000470899976789951324462890625,1,0,0,0,0,1,2,1,0.0
180,180,3307,WONOSOBO,-7.41553522700000034006961868726648390293121337890625,109.9072230000000018890204955823719501495361328125,1,3,0,0,0,1,0,1,0.0
181,181,3308,MAGELANG,-7.501579690999999883160853642039000988006591796875,110.2467331999999942127033136785030364990234375,0,1,0,0,0,0,0,1,0.0
182,182,3309,BOYOLALI,-7.418562110999999958949047140777111053466796875,110.6506564000000025771441869437694549560546875,0,2,0,0,1,0,1,0,0.0
183,183,3310,KLATEN,-7.6863951830000001308462742599658668041229248046875,110.61989760000000160289346240460872650146484375,1,6,0,0,0,8,2,0,0.0
184,184,3311,SUKOHARJO,-7.68085737999999995651023709797300398349761962890625,110.8346284999999937781467451713979244232177734375,1,1,0,0,0,3,0,0,0.0
185,185,3312,WONOGIRI,-7.92020166699999972337309372960589826107025146484375,111.000403599999998505154508166015148162841796875,1,1,0,0,0,0,0,0,0.0
186,186,3313,KARANGANYAR,-7.6144577269999995650096025201492011547088623046875,111.0192655000000030440787668339908123016357421875,1,4,0,0,1,1,0,1,0.0
187,187,3314,SRAGEN,-7.38713115599999969873579175327904522418975830078125,110.97743520000000216896296478807926177978515625,6,2,0,0,0,3,2,1,0.0
188,188,3315,GROBOGAN,-7.11687964099999970102317092823795974254608154296875,110.9271006999999968911652103997766971588134765625,7,4,0,0,0,0,1,0,0.0
189,189,3316,BLORA,-7.0759622689999996936194293084554374217987060546875,111.3876364999999992733137332834303379058837890625,3,2,0,0,0,0,0,0,0.0
190,190,3317,REMBANG,-6.7754627840000001270936991204507648944854736328125,111.4612750000000005456968210637569427490234375,0,1,0,0,1,1,0,0,0.0
191,191,3318,PATI,-6.7439272839999997444238033494912087917327880859375,111.0415157999999991034201229922473430633544921875,5,2,0,0,0,1,2,0,0.0
192,192,3319,KUDUS,-6.7890680630000002082624632748775184154510498046875,110.8697217999999935500454739667475223541259765625,2,1,0,0,0,1,0,0,0.0
193,193,3320,JEPARA,-6.54852631600000023581742425449192523956298828125,110.7678580000000039262886275537312030792236328125,3,4,0,0,0,0,1,0,0.0
194,194,3321,DEMAK,-6.9108357879999999795472831465303897857666015625,110.6318500000000000227373675443232059478759765625,3,3,0,0,0,1,1,0,0.0
195,195,3322,SEMARANG,-7.27203134899999970031103657674975693225860595703125,110.4752653999999978395862854085862636566162109375,1,1,0,0,0,4,1,0,0.0
196,196,3323,TEMANGGUNG,-7.25785886099999988374520398792810738086700439453125,110.135632200000003422246663831174373626708984375,2,1,0,0,0,0,1,2,0.0
197,197,3324,KENDAL,-7.03766605800000011328165783197619020938873291015625,110.156119399999994357131072320044040679931640625,2,2,0,0,0,2,0,1,0.0
198,198,3325,BATANG,-7.021267064999999973906597006134688854217529296875,109.86149349999999458304955624043941497802734375,0,0,0,0,1,0,0,0,0.0
199,199,3326,PEKALONGAN,-7.05682923599999956110195853398181498050689697265625,109.6204168000000009897121344693005084991455078125,3,1,0,0,0,0,0,0,0.0
200,200,3327,PEMALANG,-7.0364411530000001704365786281414330005645751953125,109.3950228000000066685970523394644260406494140625,1,0,0,0,0,0,0,1,0.0
201,201,3328,TEGAL,-7.031102081000000225685653276741504669189453125,109.1584050999999959685737849213182926177978515625,4,4,0,0,0,0,1,0,0.0
202,202,3329,BREBES,-7.0589030550000000374666342395357787609100341796875,108.9279209000000037121935747563838958740234375,5,1,0,0,0,0,0,3,0.0
203,203,3372,KOTA SURAKARTA,-7.55808172500000008398046702495776116847991943359375,110.82338939999999638530425727367401123046875,2,3,0,0,0,0,0,1,0.0
204,204,3374,KOTA SEMARANG,-7.0205072079999997214372342568822205066680908203125,110.3896481999999963363734423182904720306396484375,3,0,0,0,0,0,0,0,0.0
205,205,3375,KOTA PEKALONGAN,-6.89313182700000037783638617838732898235321044921875,109.6778206000000039921360439620912075042724609375,4,0,0,0,1,0,0,0,0.0
206,206,3376,KOTA TEGAL,-6.868935042000000379402990802191197872161865234375,109.11565799999999626379576511681079864501953125,3,1,0,0,0,2,1,0,0.0
207,207,3401,KULON PROGO,-7.818871152999999907251549302600324153900146484375,110.1674072999999935973391984589397907257080078125,0,6,0,0,1,14,2,3,0.0
208,208,3402,BANTUL,-7.9016693430000000120116965263150632381439208984375,110.354692400000004681714926846325397491455078125,0,8,0,0,1,0,0,0,0.0
209,209,3403,GUNUNGKIDUL,-7.994236636000000117974195745773613452911376953125,110.6120609999999970796125126071274280548095703125,0,11,0,0,1,0,1,2,0.0
210,210,3404,SLEMAN,-7.71543480299999995253301676711998879909515380859375,110.383490899999998191560734994709491729736328125,0,13,0,0,1,1,0,0,0.0
211,211,3501,PACITAN,-8.12621755800000045155684347264468669891357421875,111.1790326999999933832441456615924835205078125,0,2,0,0,0,2,0,1,0.0
212,212,3502,PONOROGO,-7.9313201979999998769699232070706784725189208984375,111.4993659000000008063580025918781757354736328125,2,1,0,0,0,19,0,0,0.0
213,213,3503,TRENGGALEK,-8.161920882000000432299202657304704189300537109375,111.626270599999998012208379805088043212890625,1,3,0,0,0,14,3,1,0.0
214,214,3504,TULUNGAGUNG,-8.1132549269999998386992956511676311492919921875,111.8872020000000020445440895855426788330078125,0,7,0,0,0,1,0,1,0.0
215,215,3505,BLITAR,-8.1301089639999997160657585482113063335418701171875,112.2381294999999994388417690061032772064208984375,1,9,0,0,0,4,1,1,0.0
216,216,3506,KEDIRI,-7.82887140299999995107782524428330361843109130859375,112.0896359999999987167029757983982563018798828125,3,2,0,0,0,1,0,0,0.0
217,217,3507,MALANG,-8.12685701899999912711791694164276123046875,112.6410752999999971279976307414472103118896484375,1,9,0,0,0,6,0,2,0.0
218,218,3508,LUMAJANG,-8.1253009340000001969883669517002999782562255859375,113.1375745999999935520463623106479644775390625,2,5,0,0,1,1,0,2,0.0
219,219,3509,JEMBER,-8.23597853300000082299447967670857906341552734375,113.655695199999996702899807132780551910400390625,10,10,0,0,0,3,1,0,0.0
220,220,3510,BANYUWANGI,-8.364926510000000092759364633820950984954833984375,114.205523999999996931364876218140125274658203125,1,2,0,0,0,9,0,0,0.0
221,221,3511,BONDOWOSO,-7.94402345099999962485526339150965213775634765625,113.947550500000005513356882147490978240966796875,4,7,0,0,0,15,0,0,0.0
222,222,3512,SITUBONDO,-7.801312478999999910911355982534587383270263671875,114.051380399999999326610122807323932647705078125,3,1,0,0,0,12,0,1,0.0
223,223,3513,PROBOLINGGO,-7.86651979699999959194656184990890324115753173828125,113.32086689999999862266122363507747650146484375,4,1,0,0,0,10,0,0,0.0
224,224,3514,PASURUAN,-7.74291817200000043186491893720813095569610595703125,112.8317396999999999707142706029117107391357421875,13,6,0,0,0,12,0,0,0.0
225,225,3515,SIDOARJO,-7.45205465500000041600969780120067298412322998046875,112.7013572999999979629137669689953327178955078125,7,9,0,0,1,1,0,0,0.0
226,226,3516,MOJOKERTO,-7.54986757799999974594129525939933955669403076171875,112.485249100000004318644641898572444915771484375,8,5,0,0,0,9,1,1,0.0
227,227,3517,JOMBANG,-7.5451023660000000603531589149497449398040771484375,112.26512950000000046202330850064754486083984375,4,8,0,0,0,7,0,1,0.0
228,228,3518,NGANJUK,-7.59742263299999986969623932964168488979339599609375,111.9384385999999977912011672742664813995361328125,3,1,0,0,0,1,1,1,0.0
229,229,3519,MADIUN,-7.62422227800000040787153920973651111125946044921875,111.6457161999999954105078359134495258331298828125,6,3,0,0,0,2,0,0,0.0
230,230,3520,MAGETAN,-7.66288134299999956766669129137881100177764892578125,111.357902300000006334812496788799762725830078125,3,4,0,0,0,5,2,0,0.0
231,231,3521,NGAWI,-7.43923853099999998761404640390537679195404052734375,111.3430900999999977329935063607990741729736328125,1,2,0,0,0,1,1,0,0.0
232,232,3522,BOJONEGORO,-7.2554327599999997033819454372860491275787353515625,111.8098374000000063688275986351072788238525390625,6,5,0,0,1,2,1,0,0.0
233,233,3523,TUBAN,-6.95313577699999996184487827122211456298828125,111.8915123999999963189111440442502498626708984375,4,2,0,0,1,0,0,0,0.0
234,234,3524,LAMONGAN,-7.1311124269999996982960510649718344211578369140625,112.300781000000000631189323030412197113037109375,8,5,0,0,1,0,0,0,0.0
235,235,3525,GRESIK,-6.9268701400000001200396582134999334812164306640625,112.558148299999999153442331589758396148681640625,8,5,0,0,1,0,0,0,0.0
236,236,3526,BANGKALAN,-7.04423820199999983771022016298957169055938720703125,112.92961850000000367799657396972179412841796875,1,1,0,0,0,0,0,0,0.0
237,237,3527,SAMPANG,-7.05198377999999959087062961771152913570404052734375,113.2562666000000035637640394270420074462890625,1,4,0,0,0,0,0,0,0.0
238,238,3528,PAMEKASAN,-7.0651075629999997573804648709483444690704345703125,113.503914699999995718826539814472198486328125,2,14,0,0,1,1,0,1,0.0
239,239,3529,SUMENEP,-6.98851799499999959408569338847883045673370361328125,113.8055600999999938949258648790419101715087890625,2,2,0,0,0,1,0,0,0.0
240,240,3571,KOTA KEDIRI,-7.8263050730000003341046976856887340545654296875,112.013837800000004563116817735135555267333984375,0,1,0,0,0,2,0,0,0.0
241,241,3572,KOTA BLITAR,-8.0950243440000004824241841561160981655120849609375,112.1669969999999949550328892655670642852783203125,0,1,0,0,0,0,0,0,0.0
242,242,3573,KOTA MALANG,-7.978964241999999984500391292385756969451904296875,112.63637959999999793581082485616207122802734375,2,0,0,0,0,0,0,0,0.0
243,243,3575,KOTA PASURUAN,-7.64968892000000000308546077576465904712677001953125,112.910068300000006047412171028554439544677734375,6,2,0,0,0,0,0,0,0.0
244,244,3576,KOTA MOJOKERTO,-7.4713126509999998603461790480650961399078369140625,112.4374365999999980658685672096908092498779296875,1,0,0,0,0,0,0,0,0.0
245,245,3577,KOTA MADIUN,-7.6279831490000002958140612463466823101043701171875,111.5281764000000066516804508864879608154296875,2,1,0,0,0,1,0,0,0.0
246,246,3578,KOTA SURABAYA,-7.27507327799999981010614646947942674160003662109375,112.7238066000000031863237381912767887115478515625,1,1,0,0,1,2,0,0,0.0
247,247,3579,KOTA BATU,-7.83310858200000037498966776183806359767913818359375,112.5311200999999954319719108752906322479248046875,0,0,0,0,0,1,0,1,0.0
248,248,3601,PANDEGLANG,-6.59023067299999976142999003059230744838714599609375,105.74298210000000608488335274159908294677734375,9,5,0,0,0,2,0,2,0.0
249,249,3602,LEBAK,-6.64212889600000000456248017144389450550079345703125,106.2128536000000025296685635112226009368896484375,6,2,0,0,1,0,0,3,0.0
250,250,3603,TANGERANG,-6.174631025000000050795279094018042087554931640625,106.51851279999999633218976669013500213623046875,1,0,0,0,0,0,0,0,0.0
251,251,3604,SERANG,-6.14221883200000018376840671407990157604217529296875,106.146654799999993201709003187716007232666015625,15,2,0,0,0,1,0,0,0.0
252,252,3671,KOTA TANGERANG,-6.18286941299999970311773722642101347446441650390625,106.6518228000000050315065891481935977935791015625,3,0,0,0,0,0,0,0,0.0
253,253,3672,KOTA CILEGON,-5.9980465960000000080754034570418298244476318359375,106.0192760000000049558366299606859683990478515625,6,0,0,0,0,1,0,0,0.0
254,254,3673,KOTA SERANG,-6.1233859969999997474587871693074703216552734375,106.166298699999998689236235804855823516845703125,9,8,0,0,0,0,1,0,0.0
255,255,3674,KOTA TANGERANG SELATAN,-6.30184780200000016492367649334482848644256591796875,106.707340700000003153036232106387615203857421875,17,0,0,0,0,0,1,2,0.0
256,256,5101,JEMBRANA,-8.3125228260000003643881427706219255924224853515625,114.6826650999999941404894343577325344085693359375,0,4,0,0,0,0,0,0,0.0
257,257,5102,TABANAN,-8.4282216600000001704984242678619921207427978515625,115.0787775000000010550138540565967559814453125,0,1,0,0,0,0,0,1,0.0
258,258,5103,BADUNG,-8.5834675990000004475177775020711123943328857421875,115.1884052999999994426616467535495758056640625,0,4,0,0,1,0,0,0,0.0
259,259,5104,GIANYAR,-8.4804943179999998648099790443666279315948486328125,115.2875566999999961126377456821501255035400390625,0,1,0,0,1,0,0,1,0.0
260,260,5105,KLUNGKUNG,-8.7370308300000001366925062029622495174407958984375,115.5355210999999968635165714658796787261962890625,0,2,0,0,1,0,0,0,0.0
261,261,5106,BANGLI,-8.2935905250000008237520887632854282855987548828125,115.3468431000000009589712135493755340576171875,1,0,0,0,0,1,0,1,0.0
262,262,5107,KARANGASEM,-8.3742010619999991405393302557058632373809814453125,115.530070499999993671735865063965320587158203125,1,1,0,0,0,9,0,1,0.0
263,263,5108,BULELENG,-8.2002358530000005742977009504102170467376708984375,114.9625779999999934943843982182443141937255859375,0,4,0,0,0,1,0,0,0.0
264,264,5201,LOMBOK BARAT,-8.6644089009999998296507328632287681102752685546875,116.0942347000000012258169590495526790618896484375,2,6,0,0,0,0,1,0,0.0
265,265,5202,LOMBOK TENGAH,-8.722795723000000833735612104646861553192138671875,116.2891436999999967838448355905711650848388671875,4,6,0,0,0,0,1,0,0.0
266,266,5203,LOMBOK TIMUR,-8.5331168010000002510651029297150671482086181640625,116.5306661999999988665877026505768299102783203125,1,1,0,0,0,0,1,0,0.0
267,267,5204,SUMBAWA,-8.7032212359999991946324371383525431156158447265625,117.4849382000000019843355403281748294830322265625,7,2,0,0,1,0,1,0,0.0
268,268,5205,DOMPU,-8.4721420439999999274505171342752873897552490234375,118.2168061999999935096639092080295085906982421875,5,0,0,0,0,0,1,0,0.0
269,269,5206,BIMA,-8.47476373399999971525176079012453556060791015625,118.618619800000004715911927632987499237060546875,19,1,0,1,0,2,1,0,0.0
270,270,5207,SUMBAWA BARAT,-8.8297086650000000673799149808473885059356689453125,116.915057899999993651363183744251728057861328125,0,1,0,0,0,0,1,0,0.0
271,271,5208,LOMBOK UTARA,-8.3490406880000005429565135273151099681854248046875,116.28349719999999933861545287072658538818359375,0,0,0,0,0,1,1,1,0.0
272,272,5271,KOTA MATARAM,-8.5902687770000003553150236257351934909820556640625,116.11109310000000505169737152755260467529296875,1,0,0,1,0,0,0,0,0.0
273,273,5272,KOTA BIMA,-8.4557992960000003535014911903999745845794677734375,118.7849065999999993437086232006549835205078125,5,0,0,0,0,0,1,0,0.0
274,274,5301,KUPANG,-9.9182135650000002868864612537436187267303466796875,123.8599569000000002461092662997543811798095703125,2,3,0,0,0,0,0,0,0.0
275,275,5302,TIMOR TENGAH SELATAN,-9.8279559289999998128450897638686001300811767578125,124.3967496000000068079316406510770320892333984375,1,0,0,0,0,0,0,0,0.0
276,276,5303,TIMOR TENGAH UTARA,-9.377530168999999915513399173505604267120361328125,124.569667600000002494198270142078399658203125,0,1,0,0,0,0,0,0,0.0
277,277,5304,BELU,-9.153849769000000691221430315636098384857177734375,124.9684445999999979903805069625377655029296875,1,1,0,0,0,0,0,0,0.0
278,278,5305,ALOR,-8.3036715880000002698579919524490833282470703125,124.5687626999999935151208774186670780181884765625,1,1,0,0,0,0,0,0,0.0
279,279,5306,FLORES TIMUR,-8.352079728999999730376657680608332157135009765625,122.8403160999999954583472572267055511474609375,0,1,3,0,0,0,0,0,0.0
280,280,5307,SIKKA,-8.695289145000000274876583716832101345062255859375,122.38115759999999454521457664668560028076171875,1,0,0,1,0,0,0,0,0.0
281,281,5308,ENDE,-8.6772395160000002078959369100630283355712890625,121.734131700000006048867362551391124725341796875,0,1,0,2,0,0,0,3,0.0
282,282,5309,NGADA,-8.667527040999999599080183543264865875244140625,121.0011819000000059531885199248790740966796875,0,1,0,0,0,0,0,0,0.0
283,283,5310,MANGGARAI,-8.569361128000000604743036092258989810943603515625,120.401522099999993997698766179382801055908203125,0,1,0,0,0,0,0,0,0.0
284,284,5311,SUMBA TIMUR,-9.87729817499999995789039530791342258453369140625,120.2549676999999945792296784929931163787841796875,1,0,0,0,0,0,0,0,0.0
285,285,5312,SUMBA BARAT,-9.642180737000000334546712110750377178192138671875,119.379714000000006990376277826726436614990234375,0,0,0,0,0,2,0,0,0.0
286,286,5313,LEMBATA,-8.380280744000000225923940888606011867523193359375,123.5423442000000022744643501937389373779296875,1,0,0,1,0,7,0,0,0.0
287,287,5314,ROTE NDAO,-10.7260353699999999577130438410677015781402587890625,123.1243573999999938450855552218854427337646484375,0,1,0,0,0,2,1,0,0.0
288,288,5315,MANGGARAI BARAT,-8.6025435370000007395674401777796447277069091796875,119.9889210000000048239598982036113739013671875,1,0,0,0,0,2,0,1,0.0
289,289,5316,NAGEKEO,-8.6887086940000006762829798390157520771026611328125,121.2730116000000037956851883791387081146240234375,1,0,0,0,0,0,0,0,0.0
290,290,5318,SUMBA BARAT DAYA,-9.5342433629999998601078914362005889415740966796875,119.18003640000000586951500736176967620849609375,0,1,0,0,0,0,0,0,0.0
291,291,5321,MALAKA,-9.521769043999999126981492736376821994781494140625,124.889319999999997889972291886806488037109375,2,0,0,0,0,0,0,0,0.0
292,292,5371,KOTA KUPANG,-10.2042974900000000815225575934164226055145263671875,123.6071840999999977839252096600830554962158203125,1,1,0,0,0,1,0,1,0.0
293,293,6101,SAMBAS,1.4299699969999999371594867625390179455280303955078125,109.346384599999993270103004761040210723876953125,6,0,0,0,0,2,0,0,0.0
294,294,6102,MEMPAWAH,0.35833555900000002569782964201294817030429840087890625,109.156025099999993699384503997862339019775390625,2,0,0,0,0,0,0,0,0.0
295,295,6103,SANGGAU,0.268685812999999995565048038770328275859355926513671875,110.43207630000000563086359761655330657958984375,8,0,0,0,0,0,0,0,0.0
296,296,6104,KETAPANG,-1.6332239529999998950415829312987625598907470703125,110.613874100000003863897291012108325958251953125,5,0,0,0,0,1,0,0,0.0
297,297,6105,SINTANG,0.09263601800000000052737192390850395895540714263916015625,112.0715239999999965903043630532920360565185546875,4,0,0,0,0,0,0,0,0.0
298,298,6106,KAPUAS HULU,0.83523823100000005315024509400245733559131622314453125,112.8108763000000038800862967036664485931396484375,2,0,0,0,0,0,0,0,0.0
299,299,6107,BENGKAYANG,1.0120336709999999680320570405456237494945526123046875,109.5644391999999953668520902283489704132080078125,5,0,0,0,0,0,0,0,0.0
300,300,6108,LANDAK,0.51655838399999998156175706753856502473354339599609375,109.7711804000000057612851378507912158966064453125,6,0,0,0,0,0,0,0,0.0
301,301,6109,SEKADAU,-0.003879338999999999877676959414429802563972771167755126953125,110.9513185999999933528670226223766803741455078125,3,0,0,0,0,0,0,0,0.0
302,302,6110,MELAWI,-0.63263543499999996821969716620515100657939910888671875,111.7275771000000048616129788570106029510498046875,7,0,0,0,0,3,0,0,0.0
303,303,6111,KAYONG UTARA,-1.078590990999999998933844835846684873104095458984375,110.1137398999999987836417858488857746124267578125,0,0,0,0,0,1,0,0,0.0
304,304,6112,KUBU RAYA,-0.386740778000000007263992074513225816190242767333984375,109.5374742000000054531483328901231288909912109375,6,2,0,0,0,3,0,0,0.0
305,305,6171,KOTA PONTIANAK,-0.0252246980000000002586357794598370674066245555877685546875,109.3314103000000017118509276770055294036865234375,0,1,0,0,0,0,0,0,0.0
306,306,6172,KOTA SINGKAWANG,0.89852430900000002100824758599628694355487823486328125,109.034892299999995657344697974622249603271484375,2,0,0,0,0,0,0,0,0.0
307,307,6201,KOTAWARINGIN BARAT,-2.545690161000000006907839633640833199024200439453125,111.7468616999999966310497256927192211151123046875,4,0,0,0,0,1,0,0,0.0
308,308,6202,KOTAWARINGIN TIMUR,-2.064990149000000219103867493686266243457794189453125,112.7130298999999951092831906862556934356689453125,6,0,0,0,0,1,0,0,0.0
309,309,6203,KAPUAS,-1.74785012300000008877987056621350347995758056640625,114.2980251000000038175130612216889858245849609375,2,0,0,0,0,0,0,0,0.0
310,310,6204,BARITO SELATAN,-1.8018651070000000213866542253526858985424041748046875,114.9240367999999961057255859486758708953857421875,1,0,0,0,0,1,0,0,0.0
311,311,6205,BARITO UTARA,-0.933064982999999958934722599224187433719635009765625,115.1347324999999983674570103175938129425048828125,2,0,0,0,0,2,0,0,0.0
312,312,6206,KATINGAN,-1.6998761989999999766354221719666384160518646240234375,113.059832099999994170502759516239166259765625,2,0,0,0,0,1,0,0,0.0
313,313,6207,SERUYAN,-2.283010007000000118893012768239714205265045166015625,112.1762705000000011068550520576536655426025390625,1,0,0,0,0,1,0,0,0.0
314,314,6208,SUKAMARA,-2.623038982000000185479393621790222823619842529296875,111.1609049999999996316546457819640636444091796875,4,0,0,0,0,3,0,0,0.0
315,315,6209,LAMANDAU,-1.8011212469999999807868107382091693580150604248046875,111.4066787999999945668605505488812923431396484375,5,0,0,0,0,1,0,0,0.0
316,316,6210,GUNUNG MAS,-1.025666744000000019099161363556049764156341552734375,113.5331618000000020174411474727094173431396484375,2,0,0,0,0,2,0,0,0.0
317,317,6211,PULANG PISAU,-2.716050763999999784203964736661873757839202880859375,113.95521270000000413347152061760425567626953125,3,0,0,0,0,1,0,0,0.0
318,318,6212,MURUNG RAYA,-0.030913823999999999470045253247008076868951320648193359375,114.2791011999999994941390468738973140716552734375,3,0,0,0,0,1,0,0,0.0
319,319,6271,KOTA PALANGKARAYA,-2.0184572819999999637730070389807224273681640625,113.76907099999999672945705242455005645751953125,4,0,0,0,0,2,0,0,0.0
320,320,6301,TANAH LAUT,-3.818820581000000213833800444263033568859100341796875,114.903390400000006366099114529788494110107421875,1,0,0,0,0,1,0,0,0.0
321,321,6303,BANJAR,-3.318252430999999891270135776721872389316558837890625,115.088346099999995431062416173517704010009765625,1,4,0,0,0,3,0,0,0.0
322,322,6304,BARITO KUALA,-3.090319818999999856856675251037813723087310791015625,114.626071499999994784957380034029483795166015625,0,0,0,0,0,1,0,0,0.0
323,323,6305,TAPIN,-2.924670058999999877613618082250468432903289794921875,115.04784349999999903957359492778778076171875,2,0,0,0,0,0,0,0,0.0
324,324,6307,HULU SUNGAI TENGAH,-2.603491541999999991929826137493364512920379638671875,115.5021349000000014939359971322119235992431640625,1,0,0,0,0,0,0,0,0.0
325,325,6308,HULU SUNGAI UTARA,-2.442070172999999844165586182498373091220855712890625,115.157075800000001208900357596576213836669921875,1,0,0,0,0,0,0,0,0.0
326,326,6309,TABALONG,-1.8860137239999998914896650603623129427433013916015625,115.5164778000000040947270463220775127410888671875,1,0,0,0,0,0,0,0,0.0
327,327,6310,TANAH BUMBU,-3.447356581999999836085635251947678625583648681640625,115.65456629999999904612195678055286407470703125,6,0,0,0,0,0,0,0,0.0
328,328,6311,BALANGAN,-2.3191394079999998467656041611917316913604736328125,115.6421691999999978861524141393601894378662109375,2,0,0,0,0,0,0,1,0.0
329,329,6372,KOTA BANJARBARU,-3.476443994999999897999032327788881957530975341796875,114.8183910999999994828613125719130039215087890625,0,0,0,0,0,1,0,0,0.0
330,330,6401,PASER,-1.7332624109999998918141272952198050916194915771484375,116.0935257999999947742253425531089305877685546875,3,1,0,0,0,3,0,0,0.0
331,331,6402,KUTAI KARTANEGARA,0.08674088300000000473222172558962483890354633331298828125,116.512671299999993834717315621674060821533203125,0,0,0,0,0,30,0,1,0.0
332,332,6403,BERAU,1.928384072000000060143065638840198516845703125,117.3037788999999975203536450862884521484375,2,0,0,1,0,1,0,0,0.0
333,333,6407,KUTAI BARAT,-0.50595524400000002618327243908424861729145050048828125,115.833785000000005993570084683597087860107421875,5,1,0,0,0,14,0,0,0.0
334,334,6408,KUTAI TIMUR,0.95772734999999997729247525057871825993061065673828125,117.13841619999999466017470695078372955322265625,0,0,0,0,0,13,0,0,0.0
335,335,6409,PENAJAM PASER UTARA,-1.156951336000000107873120214208029210567474365234375,116.59675160000000460058799944818019866943359375,9,2,0,0,0,4,0,0,0.0
336,336,6411,MAHAKAM ULU,0.71936995800000003153940042466274462640285491943359375,114.8715969999999941819623927585780620574951171875,2,0,0,0,0,0,0,0,0.0
337,337,6471,KOTA BALIKPAPAN,-1.1593697339999999851301026865257881581783294677734375,116.86560439999999516658135689795017242431640625,1,0,0,0,0,5,0,1,0.0
338,338,6472,KOTA SAMARINDA,-0.500724747000000025565213945810683071613311767578125,117.178707000000002835804480127990245819091796875,7,0,0,0,0,24,0,1,0.0
339,339,6474,KOTA BONTANG,0.0907319020000000031611619988325401209294795989990234375,117.4571523000000041747625800780951976776123046875,0,0,0,0,0,13,0,0,0.0
340,340,6501,BULUNGAN,2.81467155999999985027670845738612115383148193359375,117.0374884999999949286575429141521453857421875,2,0,0,0,0,3,0,0,0.0
341,341,6502,MALINAU,2.478197408999999851175743970088660717010498046875,115.7168477999999964822563924826681613922119140625,2,0,0,0,0,0,0,0,0.0
342,342,6503,NUNUKAN,3.9946080699999999552574081462807953357696533203125,116.66301409999999805222614668309688568115234375,1,0,0,0,0,0,0,1,0.0
343,343,6571,KOTA TARAKAN,3.35940566799999995595271684578619897365570068359375,117.5995113000000031888703233562409877777099609375,0,0,0,0,0,0,0,1,0.0
344,344,7101,BOLAANG MONGONDOW,0.7079298609999999936093217911547981202602386474609375,124.040273600000006126720109023153781890869140625,4,0,0,0,0,0,0,0,0.0
345,345,7102,MINAHASA,1.2546841289999999258242269206675700843334197998046875,124.8541690999999929090336081571877002716064453125,3,2,0,1,0,0,0,0,0.0
346,346,7103,KEPULAUAN SANGIHE,3.5506992359999998143393895588815212249755859375,125.541304499999995414327713660895824432373046875,1,0,0,0,0,0,0,0,0.0
347,347,7104,KEPULAUAN TALAUD,4.22564939100000014349234334076754748821258544921875,126.7816336000000063677362049929797649383544921875,1,0,0,0,0,0,0,0,0.0
348,348,7105,MINAHASA SELATAN,1.08459221699999996957330949953757226467132568359375,124.5210498999999941815985948778688907623291015625,0,1,0,0,0,0,0,0,0.0
349,349,7106,MINAHASA UTARA,1.549139496000000004727326086140237748622894287109375,125.00805320000000619984348304569721221923828125,1,0,0,0,0,0,0,0,0.0
350,350,7108,BOLAANG MONGONDOW UTARA,0.76795197800000003507392420942778699100017547607421875,123.48113250000000107320374809205532073974609375,3,0,0,0,0,0,0,0,0.0
351,351,7109,KEP. SIAU TAGULANDANG BIARO,2.726859358000000010946450856863521039485931396484375,125.3911968999999970719727571122348308563232421875,0,0,1,0,0,0,0,0,0.0
352,352,7111,BOLAANG MONGONDOW SELATAN,0.44423329499999997249659600129234604537487030029296875,123.932896499999998241037246771156787872314453125,1,0,0,0,0,0,0,0,0.0
353,353,7171,KOTA MANADO,1.5247075900000000014955503502278588712215423583984375,124.848557499999998299244907684624195098876953125,1,0,0,0,0,0,0,1,0.0
354,354,7172,KOTA BITUNG,1.484776625999999932759010334848426282405853271484375,125.1614301000000040176018956117331981658935546875,2,0,0,0,0,0,0,0,0.0
355,355,7201,BANGGAI,-1.02082829300000010874782674363814294338226318359375,122.583642900000000963700585998594760894775390625,10,0,0,0,0,0,0,0,0.0
356,356,7202,POSO,-1.680824945999999986412376529187895357608795166015625,120.5210919000000018286300473846495151519775390625,10,0,0,0,0,0,0,0,0.0
357,357,7203,DONGGALA,-0.395871307000000005604789521385100670158863067626953125,119.8357213999999970610588206909596920013427734375,11,1,0,0,0,0,0,0,0.0
358,358,7204,TOLI TOLI,0.92601077099999995478896153144887648522853851318359375,120.718922800000001416265149600803852081298828125,3,0,0,0,0,0,0,0,0.0
359,359,7205,BUOL,0.9779759999999999564579411526210606098175048828125,121.37277860000000373474904336035251617431640625,5,0,0,0,1,0,0,0,0.0
360,360,7206,MOROWALI,-2.693858300000000038920688893995247781276702880859375,121.9135837000000037733116187155246734619140625,6,1,0,0,1,0,0,0,0.0
361,361,7207,BANGGAI KEPULAUAN,-1.262950103000000101616251413361169397830963134765625,123.1499002999999987650880939327180385589599609375,1,1,0,0,0,1,0,0,0.0
362,362,7208,PARIGI MOUTONG,0.40149961499999997638354898299439810216426849365234375,120.204212699999999358624336309731006622314453125,14,0,0,0,0,0,0,1,0.0
363,363,7209,TOJO UNA UNA,-1.1123702300000000153801238411688245832920074462890625,121.576234900000002880915417335927486419677734375,4,1,0,0,0,0,0,0,0.0
364,364,7210,SIGI,-1.40848833100000003781815394177101552486419677734375,119.97044130000000450309016741812229156494140625,8,0,0,0,0,0,0,0,0.0
365,365,7211,BANGGAI LAUT,-1.6525391700000000572146063859690912067890167236328125,123.52093750000000227373675443232059478759765625,3,0,0,0,0,0,0,0,0.0
366,366,7212,MOROWALI UTARA,-1.9412524959999999385473756774445064365863800048828125,121.193838499999998248313204385340213775634765625,7,0,0,0,0,1,0,0,0.0
367,367,7271,KOTA PALU,-0.82980229199999999689651986045646481215953826904296875,119.909974000000005389665602706372737884521484375,3,0,0,0,0,0,0,0,0.0
368,368,7301,KEPULAUAN SELAYAR,-6.10614513799999958365560814854688942432403564453125,120.5097386999999997669874574057757854461669921875,1,0,0,0,0,0,2,0,0.0
369,369,7302,BULUKUMBA,-5.43246914900000010817393558681942522525787353515625,120.236006500000002006345312111079692840576171875,1,2,0,1,0,0,0,1,0.0
370,370,7304,JENEPONTO,-5.567517269999999740548446425236761569976806640625,119.6984470000000015943442122079432010650634765625,0,1,0,0,0,0,5,0,0.0
371,371,7305,TAKALAR,-5.419755921000000142839780892245471477508544921875,119.470557200000001785156200639903545379638671875,1,4,0,1,0,0,2,0,0.0
372,372,7306,GOWA,-5.309278914000000071382601163350045680999755859375,119.71872700000000122599885798990726470947265625,2,0,0,0,0,0,0,1,0.0
373,373,7307,SINJAI,-5.2097463299999997587974576163105666637420654296875,120.1358668999999963489244692027568817138671875,1,0,0,0,0,0,0,1,0.0
374,374,7308,BONE,-4.694814846999999957688487484119832515716552734375,120.1295860000000033096512197516858577728271484375,4,5,0,0,0,0,0,0,0.0
375,375,7309,MAROS,-5.00069620799999992044604368857108056545257568359375,119.7247492000000050893504521809518337249755859375,1,3,0,0,0,0,1,0,0.0
376,376,7310,PANGKAJENE DAN KEPULAUAN,-4.82606677600000022465565052698366343975067138671875,119.5798266999999981408109306357800960540771484375,1,3,0,0,0,0,0,0,0.0
377,377,7311,BARRU,-4.441677965000000227746568270958960056304931640625,119.69414530000000240761437453329563140869140625,1,1,0,0,0,0,0,1,0.0
378,378,7312,SOPPENG,-4.33904556299999999424699126393534243106842041015625,119.892110900000005813126335851848125457763671875,2,2,0,0,0,0,0,0,0.0
379,379,7313,WAJO,-4.00653765800000005725678420276381075382232666015625,120.1710001000000005433321348391473293304443359375,6,2,0,0,0,0,0,0,0.0
380,380,7314,SIDENRENG RAPPANG,-3.807290296000000129339468912803567945957183837890625,119.97142669999999498031684197485446929931640625,6,5,0,0,0,0,0,0,0.0
381,381,7315,PINRANG,-3.622456844999999869827433940372429788112640380859375,119.59991650000000618092599324882030487060546875,8,8,0,0,0,3,0,1,0.0
382,382,7316,ENREKANG,-3.50372392399999998957582647562958300113677978515625,119.87202999999999519786797463893890380859375,3,0,0,0,0,0,0,1,0.0
383,383,7317,LUWU,-3.1985486559999998235070961527526378631591796875,120.182546599999994896279531531035900115966796875,20,3,0,0,0,0,0,4,0.0
384,384,7318,TANA TORAJA,-3.108512496999999985547447067801840603351593017578125,119.7123753999999991037839208729565143585205078125,0,0,0,0,0,0,0,2,0.0
385,385,7322,LUWU UTARA,-2.39494580800000012033024177071638405323028564453125,120.1607259999999968158590490929782390594482421875,18,3,0,0,0,0,0,0,0.0
386,386,7324,LUWU TIMUR,-2.550678201999999838989197087357752025127410888671875,121.138518599999997604754753410816192626953125,2,2,0,0,0,0,0,0,0.0
387,387,7326,TORAJA UTARA,-2.888179565000000170726934811682440340518951416015625,119.8689337999999935391315375454723834991455078125,0,0,0,0,0,0,0,2,0.0
388,388,7371,KOTA MAKASSAR,-5.13341753300000025461713448748923838138580322265625,119.4611466000000064013875089585781097412109375,3,0,0,0,0,0,0,0,0.0
389,389,7372,KOTA PAREPARE,-4.029351444999999642959664925001561641693115234375,119.6616020000000020218067220412194728851318359375,2,1,0,0,0,0,0,0,0.0
390,390,7373,KOTA PALOPO,-2.980473970999999888675802139914594590663909912109375,120.1478824000000003024979378096759319305419921875,8,0,0,0,0,0,0,0,0.0
391,391,7401,KOLAKA,-3.92166358500000011844122127513401210308074951171875,121.5045822000000015350451576523482799530029296875,1,0,0,0,0,0,0,0,0.0
392,392,7402,KONAWE,-3.525394131000000097486690719961188733577728271484375,121.88615790000000060899765230715274810791015625,4,2,0,0,0,0,0,0,0.0
393,393,7405,KONAWE SELATAN,-4.26265210099999958259786581038497388362884521484375,122.420835699999997814302332699298858642578125,2,0,0,0,0,0,0,0,0.0
394,394,7406,BOMBANA,-4.79784371800000020158449842710979282855987548828125,121.8512759000000045261913328431546688079833984375,1,0,0,0,0,0,0,0,0.0
395,395,7407,WAKATOBI,-5.53103746800000006800246410421095788478851318359375,123.7725470999999970445060171186923980712890625,0,1,0,0,0,0,0,0,0.0
396,396,7409,KONAWE UTARA,-3.385156069000000211843826036783866584300994873046875,121.99693089999999529027263633906841278076171875,2,0,0,0,0,0,0,0,0.0
397,397,7410,BUTON UTARA,-4.69560654200000016089688870124518871307373046875,123.017437900000004447065293788909912109375,3,0,0,0,0,0,0,0,0.0
398,398,7413,MUNA BARAT,-4.81747613200000035504899642546661198139190673828125,122.4931442000000032521711545996367931365966796875,1,0,0,0,0,0,0,0,0.0
399,399,7471,KOTA KENDARI,-4.0003954860000003890263542416505515575408935546875,122.5326211999999941326677799224853515625,3,0,0,0,0,0,0,0,0.0
400,400,7501,GORONTALO,0.69379471299999995181906342622824013233184814453125,122.710757900000004383400664664804935455322265625,4,1,0,0,0,0,1,1,0.0
401,401,7502,BOALEMO,0.65559919399999999622963287038146518170833587646484375,122.3258785999999957994077703915536403656005859375,6,0,0,0,0,0,0,0,0.0
402,402,7503,BONE BOLANGO,0.53313002200000003671931381177273578941822052001953125,123.291143000000005258698365651071071624755859375,8,0,0,0,0,0,0,1,0.0
403,403,7504,POHUWATO,0.68811805199999998006177293063956312835216522216796875,121.7110373999999950456185615621507167816162109375,5,0,0,0,0,0,0,0,0.0
404,404,7505,GORONTALO UTARA,0.88607803200000001542235850138240493834018707275390625,122.6600039000000066380380303598940372467041015625,5,0,0,0,0,0,0,0,0.0
405,405,7571,KOTA GORONTALO,0.53945380600000003568084139260463416576385498046875,123.0557940999999999576175468973815441131591796875,3,0,0,0,0,0,0,0,0.0
406,406,7602,MAMUJU,-2.530675137999999879667711866204626858234405517578125,119.3249674000000055684722610749304294586181640625,5,1,0,0,0,0,0,0,0.0
407,407,7603,MAMASA,-2.94880472999999998506837073364295065402984619140625,119.3118922000000026173438527621328830718994140625,0,1,0,0,0,0,0,2,0.0
408,408,7604,POLEWALI MANDAR,-3.311945671999999785128920848364941775798797607421875,119.144481200000001308580976910889148712158203125,1,2,0,0,0,0,0,1,0.0
409,409,7606,MAMUJU TENGAH,-2.007767999999999997129407347529195249080657958984375,119.51843700000000580985215492546558380126953125,9,0,0,0,0,0,0,0,0.0
410,410,8101,MALUKU TENGAH,-3.15935960900000001316811903961934149265289306640625,129.2914508000000068932422436773777008056640625,6,0,0,1,0,0,0,0,0.0
411,411,8102,MALUKU TENGGARA,-5.59249050599999986133070706273429095745086669921875,133.053115200000007689595804549753665924072265625,2,1,0,0,0,0,0,0,0.0
412,412,8103,KEPULAUAN TANIMBAR,-7.584403153000000230576915782876312732696533203125,131.3676494000000047890353016555309295654296875,0,1,0,0,0,0,0,0,0.0
413,413,8104,BURU,-3.302938246000000077629010775126516819000244140625,126.721285800000003973764250986278057098388671875,1,0,0,0,0,0,0,0,0.0
414,414,8105,SERAM BAGIAN TIMUR,-3.41588357899999994771178535302169620990753173828125,130.438309900000007246489985845983028411865234375,2,1,0,0,0,0,0,0,0.0
415,415,8106,SERAM BAGIAN BARAT,-3.13346704599999981155633577145636081695556640625,128.35347830000000612926669418811798095703125,5,0,0,0,0,0,0,0,0.0
416,416,8107,KEPULAUAN ARU,-6.1958647510000002256447260151617228984832763671875,134.450411300000013170574675314128398895263671875,1,2,0,0,0,0,0,0,0.0
417,417,8108,MALUKU BARAT DAYA,-7.75378223299999991269260135595686733722686767578125,126.4254631000000017593265511095523834228515625,0,0,0,1,0,0,0,0,0.0
418,418,8109,BURU SELATAN,-3.569604775999999812796659170999191701412200927734375,126.552823200000005954279913567006587982177734375,1,1,0,0,0,0,0,0,0.0
419,419,8171,KOTA AMBON,-3.677179782000000063391098592546768486499786376953125,128.179704600000007985727279447019100189208984375,0,3,0,0,0,1,0,3,0.0
420,420,8172,KOTA TUAL,-5.560024750000000182126314030028879642486572265625,132.33423060000001214575604535639286041259765625,0,2,0,1,0,0,0,0,0.0
421,421,8201,HALMAHERA BARAT,1.3641786479999999937007260086829774081707000732421875,127.5896680000000031895979191176593303680419921875,3,1,1,0,0,0,0,0,0.0
422,422,8202,HALMAHERA TENGAH,0.4693298550000000179949211087659932672977447509765625,128.22499360000000478976289741694927215576171875,7,0,0,0,0,0,0,0,0.0
423,423,8203,HALMAHERA UTARA,1.54231493099999994456084095872938632965087890625,127.8310622999999992543962434865534305572509765625,1,1,1,0,0,0,0,1,0.0
424,424,8204,HALMAHERA SELATAN,-0.61595397399999995968755683861672878265380859375,127.5292988000000065085259848274290561676025390625,5,0,0,0,0,0,0,1,0.0
425,425,8206,HALMAHERA TIMUR,1.0311731859999999638688450431800447404384613037109375,128.308555600000005370020517148077487945556640625,8,0,0,2,0,0,0,0,0.0
426,426,8207,PULAU MOROTAI,2.316573111999999934340621621231548488140106201171875,128.448361000000005560650606639683246612548828125,2,1,0,1,1,0,0,0,0.0
427,427,8208,PULAU TALIABU,-1.8188599830000000689977923684637062251567840576171875,124.740642199999996364567778073251247406005859375,4,3,0,0,0,0,0,0,0.0
428,428,8271,KOTA TERNATE,0.81253927100000000738333483241149224340915679931640625,127.343780199999997648774296976625919342041015625,1,0,0,0,0,0,0,1,0.0
429,429,8272,KOTA TIDORE KEPULAUAN,0.485191912999999974687170833931304514408111572265625,127.6736700000000013233147910796105861663818359375,9,0,0,0,0,0,0,1,0.0
430,430,9103,JAYAPURA,-2.978902920999999981432893036981113255023956298828125,139.975823600000012447708286345005035400390625,3,1,0,0,0,0,0,0,0.0
431,431,9105,KEPULAUAN YAPEN,-1.7456982070000000017984120859182439744472503662109375,136.174134500000008074493962340056896209716796875,3,1,0,0,0,0,0,0,0.0
432,432,9110,SARMI,-2.471878269999999933048684397363103926181793212890625,139.003167300000001205262378789484500885009765625,0,0,0,1,0,0,0,0,0.0
433,433,9111,KEEROM,-3.332129702000000026629322746885009109973907470703125,140.683259999999989986463333480060100555419921875,3,0,0,0,0,0,0,0,0.0
434,434,9115,WAROPEN,-2.746968115000000043579575503827072679996490478515625,136.7281854999999950450728647410869598388671875,3,0,0,1,0,0,0,0,0.0
435,435,9120,MAMBERAMO RAYA,-2.48962217500000004832827471545897424221038818359375,137.969066999999995459802448749542236328125,1,0,0,0,0,0,0,0,0.0
436,436,9171,KOTA JAYAPURA,-2.659352509000000086558657130808569490909576416015625,140.80889750000000049112713895738124847412109375,2,0,0,0,0,0,0,0,0.0
437,437,9202,MANOKWARI,-0.90994712700000002225664275101735256612300872802734375,133.85250830000001087682903744280338287353515625,7,0,0,2,0,0,0,0,0.0
438,438,9206,TELUK BINTUNI,-2.003098184000000170357225215411745011806488037109375,133.3085111999999980980646796524524688720703125,4,0,0,0,0,0,0,0,0.0
439,439,9207,TELUK WONDAMA,-2.82281116299999990104652169975452125072479248046875,134.37448729999999841311364434659481048583984375,1,0,0,0,0,0,0,0,0.0
440,440,9211,MANOKWARI SELATAN,-1.5941773649999999573623199466965161263942718505859375,133.972088899999988598210620693862438201904296875,3,0,0,0,0,0,0,0,0.0
441,441,9212,PEGUNUNGAN ARFAK,-1.19534367199999991271397448144853115081787109375,133.733784100000008265851647593080997467041015625,0,0,0,0,0,0,0,1,0.0
442,442,9301,MERAUKE,-7.8401494459999998554167177644558250904083251953125,139.704340300000012575765140354633331298828125,2,0,0,1,0,0,0,0,0.0
443,443,9402,PUNCAK JAYA,-3.460215556000000081127154771820642054080963134765625,137.8437572999999929379555396735668182373046875,1,0,0,0,0,0,0,0,0.0
444,444,9404,MIMIKA,-4.50049620700000030382170734810642898082733154296875,136.69388570000000981963239610195159912109375,2,0,0,0,0,0,0,0,0.0
445,445,9406,DOGIYAI,-4.016855394000000245569026446901261806488037109375,135.667599400000000287036527879536151885986328125,1,0,0,0,0,0,0,0,0.0
446,446,9407,INTAN JAYA,-3.53638686800000012766531654051505029201507568359375,136.744808100000000194995664060115814208984375,1,0,0,0,0,0,0,0,0.0
447,447,9502,KAB PEGUNUNGAN BINTANG,-4.51749722400000042199508243356831371784210205078125,140.532695200000006252594175748527050018310546875,0,0,0,0,0,0,0,2,0.0
448,448,9503,YAHUKIMO,-4.48920643100000038572261473746038973331451416015625,139.603250699999989592470228672027587890625,0,0,0,0,0,0,0,1,0.0
449,449,9601,SORONG,-1.116590747000000050093149184249341487884521484375,131.564487200000002076194505207240581512451171875,2,0,0,0,0,0,0,0,0.0
450,450,9671,KOTA SORONG,-0.87047675499999999093603264554985798895359039306640625,131.33783790000001090447767637670040130615234375,2,0,0,0,0,0,0,0,0.0
451,,,INDONESIA,,,1420,733,8,27,15,973,89,207,0.0
